nickname,tempo_de_jogo,trofeus,nivel,deck
Player0001,150,5210,14,"Mini P.E.K.K.A, Bárbaros, Cabana de Bárbaros, Torre de Bombas, Golem, Executor, Veneno, Canhão"
Player0002,477,5769,14,"Cavaleiro, Fúria, Mega Servo, Mosqueteira, Corredor, Cabana de Bárbaros, Cabana de Goblins, Torre Inferno"
Player0003,297,4299,14,"Veneno, Coletor de Elixir, Bruxa, Zap, Descarga, Mega Servo, Cavaleiro, Mago de Gelo"
Player0004,398,2288,11,"Relâmpago, Bola de Fogo, Golem, Descarga, Dragão Bebê, Lápide, Torre Inferno, Mosqueteira"
Player0005,305,4337,9,"Veneno, Bola de Fogo, Executor, Lápide, Torre Inferno, Dragão Bebê, Cavaleiro, Cabana de Goblins"
Player0006,81,4443,12,"Torre Inferno, P.E.K.K.A, Fornalha, Veneno, Mega Servo, Corredor, Relâmpago, Canhão"
Player0007,213,3600,10,"Mini P.E.K.K.A, Executor, Canhão, Bola de Fogo, Torre de Bombas, Lápide, Veneno, Corredor"
Player0008,168,5495,14,"Zap, Cabana de Bárbaros, Mega Servo, Mini P.E.K.K.A, Canhão, Cavaleiro, Arqueiras, Mago"
Player0009,497,3435,14,"Mago de Gelo, Golem, Canhão, Gigante, Mosqueteira, Bárbaros, Torre Inferno, Fornalha"
Player0010,357,5666,10,"Torre Inferno, Zap, Fúria, Descarga, Mago de Gelo, Executor, Veneno, Mega Servo"
Player0011,308,3613,13,"Zap, Tornado, Mosqueteira, Cabana de Goblins, Príncipe, Mago de Gelo, Dragão Bebê, Lápide"
Player0012,284,4876,11,"Tornado, Bruxa, Torre de Bombas, Mago de Gelo, Fornalha, Canhão, Golem, Bárbaros"
Player0013,263,5961,9,"Mini P.E.K.K.A, Tornado, Corredor, Bruxa, Coletor de Elixir, Bárbaros, P.E.K.K.A, Arqueiras"
Player0014,334,3089,13,"Executor, Cabana de Goblins, P.E.K.K.A, Cabana de Bárbaros, Descarga, Mosqueteira, Mini P.E.K.K.A, Dragão Bebê"
Player0015,151,4840,13,"Dragão Bebê, Canhão, Veneno, Cabana de Bárbaros, Lápide, Mago de Gelo, Corredor, P.E.K.K.A"
Player0016,189,3680,13,"Mago de Gelo, Príncipe, Mini P.E.K.K.A, Torre de Bombas, Golem, Bola de Fogo, Fúria, Bruxa"
Player0017,233,4283,11,"Mega Servo, Mosqueteira, Cabana de Bárbaros, Mago de Gelo, Cavaleiro, P.E.K.K.A, Cabana de Goblins, Bruxa"
Player0018,219,5972,11,"Canhão, P.E.K.K.A, Relâmpago, Fúria, Bola de Fogo, Cavaleiro, Cabana de Goblins, Executor"
Player0019,214,3294,9,"Bruxa, Coletor de Elixir, Fornalha, P.E.K.K.A, Mini P.E.K.K.A, Cabana de Goblins, Lápide, Mosqueteira"
Player0020,87,3233,13,"Mosqueteira, Mago de Gelo, Cabana de Goblins, Coletor de Elixir, Tornado, Torre Inferno, Descarga, Gigante"
Player0021,442,3323,10,"Golem, Gigante, Bruxa, Mago, Fornalha, Arqueiras, Descarga, Zap"
Player0022,283,3507,14,"Fornalha, Fúria, Bruxa, Tornado, Coletor de Elixir, Bola de Fogo, Dragão Bebê, Mago de Gelo"
Player0023,57,3659,10,"Mago, Descarga, Cabana de Bárbaros, Canhão, Torre Inferno, Relâmpago, Tornado, Príncipe"
Player0024,495,2258,9,"Bruxa, Zap, Fúria, Gigante, Veneno, Cavaleiro, Bola de Fogo, Executor"
Player0025,450,3409,12,"Canhão, Descarga, Veneno, Dragão Bebê, Mago, Coletor de Elixir, Cabana de Bárbaros, Bruxa"
Player0026,492,3475,9,"Coletor de Elixir, Mosqueteira, Canhão, Mago, Tornado, P.E.K.K.A, Golem, Veneno"
Player0027,236,4571,9,"Coletor de Elixir, Descarga, Mago, Lápide, Mosqueteira, Cabana de Bárbaros, Torre Inferno, Bárbaros"
Player0028,207,4208,10,"Veneno, Mago, Torre Inferno, P.E.K.K.A, Mega Servo, Canhão, Fúria, Zap"
Player0029,310,5996,12,"P.E.K.K.A, Tornado, Dragão Bebê, Coletor de Elixir, Bruxa, Canhão, Golem, Príncipe"
Player0030,118,2182,11,"Descarga, Gigante, P.E.K.K.A, Canhão, Golem, Arqueiras, Executor, Mago"
Player0031,301,2127,10,"Cabana de Bárbaros, Príncipe, Mago de Gelo, Zap, Canhão, Mosqueteira, Bola de Fogo, Gigante"
Player0032,366,5762,13,"Mago de Gelo, Fúria, Príncipe, P.E.K.K.A, Corredor, Mosqueteira, Descarga, Fornalha"
Player0033,402,2835,9,"Golem, Torre de Bombas, Executor, Mago, Mosqueteira, Cabana de Goblins, Cabana de Bárbaros, Mini P.E.K.K.A"
Player0034,139,5602,9,"Lápide, Tornado, Cavaleiro, Bárbaros, Executor, P.E.K.K.A, Descarga, Mosqueteira"
Player0035,199,3582,14,"Cavaleiro, Canhão, Bruxa, Príncipe, Arqueiras, Relâmpago, Descarga, P.E.K.K.A"
Player0036,132,5646,13,"P.E.K.K.A, Torre Inferno, Mago de Gelo, Arqueiras, Torre de Bombas, Corredor, Cabana de Goblins, Mega Servo"
Player0037,155,3689,9,"Golem, Fúria, Lápide, P.E.K.K.A, Mega Servo, Torre de Bombas, Relâmpago, Bruxa"
Player0038,427,2204,12,"Tornado, Cabana de Goblins, Golem, Dragão Bebê, Príncipe, Zap, Arqueiras, Cavaleiro"
Player0039,473,4240,9,"Dragão Bebê, Tornado, Torre Inferno, Arqueiras, Descarga, Mago, Gigante, Fornalha"
Player0040,265,3287,11,"Veneno, Mosqueteira, Descarga, Cavaleiro, Arqueiras, Cabana de Goblins, Fúria, Zap"
Player0041,233,2250,12,"Arqueiras, Mosqueteira, Coletor de Elixir, Príncipe, Gigante, Golem, Mini P.E.K.K.A, Lápide"
Player0042,207,5586,11,"Mago, Cavaleiro, Mago de Gelo, Arqueiras, Dragão Bebê, Relâmpago, Executor, Cabana de Goblins"
Player0043,458,4996,14,"Torre de Bombas, Príncipe, Bruxa, Veneno, Fúria, Corredor, Mini P.E.K.K.A, Cabana de Goblins"
Player0044,242,5545,9,"Coletor de Elixir, Fúria, Cavaleiro, Mago de Gelo, Bruxa, Lápide, Torre Inferno, Bárbaros"
Player0045,341,2194,11,"Gigante, Tornado, Fúria, Fornalha, P.E.K.K.A, Torre Inferno, Veneno, Bruxa"
Player0046,120,4348,10,"Dragão Bebê, P.E.K.K.A, Mini P.E.K.K.A, Arqueiras, Mosqueteira, Fúria, Executor, Torre Inferno"
Player0047,146,2748,14,"Lápide, Príncipe, Mago de Gelo, Mosqueteira, Mini P.E.K.K.A, Coletor de Elixir, Tornado, Descarga"
Player0048,295,5171,14,"Torre Inferno, Cabana de Goblins, Mago, Executor, Descarga, Dragão Bebê, Corredor, Bola de Fogo"
Player0049,230,3459,9,"Arqueiras, Fornalha, Relâmpago, Fúria, Mago de Gelo, Torre Inferno, Cavaleiro, Mega Servo"
Player0050,234,3984,10,"Executor, Dragão Bebê, Tornado, Bárbaros, Relâmpago, Coletor de Elixir, Cabana de Bárbaros, Zap"
Player0051,475,2787,14,"Descarga, Bárbaros, Bruxa, Arqueiras, Relâmpago, Tornado, Dragão Bebê, Executor"
Player0052,195,5398,12,"Gigante, Fúria, Cabana de Goblins, Veneno, Executor, Mosqueteira, Corredor, Dragão Bebê"
Player0053,370,5887,10,"Canhão, Mosqueteira, Zap, Executor, Arqueiras, Príncipe, Descarga, Torre de Bombas"
Player0054,200,5793,12,"Mini P.E.K.K.A, Príncipe, Corredor, Cavaleiro, Gigante, Coletor de Elixir, Fúria, Mega Servo"
Player0055,380,4070,12,"Executor, Arqueiras, Bárbaros, Descarga, Golem, Canhão, Coletor de Elixir, Mosqueteira"
Player0056,413,5404,11,"Relâmpago, Mega Servo, Torre Inferno, Bola de Fogo, Veneno, Príncipe, Tornado, Bruxa"
Player0057,422,2420,14,"Tornado, P.E.K.K.A, Príncipe, Mega Servo, Descarga, Torre de Bombas, Corredor, Dragão Bebê"
Player0058,140,2717,14,"Cavaleiro, Príncipe, Coletor de Elixir, Tornado, Mago, Zap, Fornalha, Mega Servo"
Player0059,302,5369,12,"Coletor de Elixir, Gigante, Cavaleiro, Veneno, Mosqueteira, Zap, Tornado, Cabana de Goblins"
Player0060,389,3205,9,"Mega Servo, Mago, Mago de Gelo, Fornalha, Fúria, Torre Inferno, Gigante, Dragão Bebê"
Player0061,408,3554,14,"Cavaleiro, Executor, Lápide, Gigante, Zap, Mago de Gelo, Torre Inferno, Bola de Fogo"
Player0062,378,2699,10,"Cabana de Bárbaros, Bárbaros, Coletor de Elixir, Mega Servo, Mago de Gelo, Mini P.E.K.K.A, Príncipe, Zap"
Player0063,345,4879,9,"Executor, Gigante, Corredor, Cabana de Bárbaros, Fúria, P.E.K.K.A, Torre Inferno, Bruxa"
Player0064,338,2648,14,"Golem, Torre de Bombas, Canhão, Cabana de Goblins, Príncipe, Tornado, Lápide, Veneno"
Player0065,394,5944,12,"Cabana de Goblins, Coletor de Elixir, Mega Servo, Fúria, Mago de Gelo, Bárbaros, Descarga, Bola de Fogo"
Player0066,431,5955,12,"Golem, Mago, Zap, Bárbaros, Fornalha, Tornado, Mosqueteira, Torre Inferno"
Player0067,101,5608,13,"Torre Inferno, Príncipe, Fúria, Dragão Bebê, Golem, Mago de Gelo, Mago, Cavaleiro"
Player0068,176,3003,9,"Cabana de Goblins, Bruxa, Cabana de Bárbaros, Mini P.E.K.K.A, Arqueiras, Mago, Dragão Bebê, Golem"
Player0069,212,3613,13,"Bola de Fogo, Mega Servo, Mago de Gelo, Canhão, Relâmpago, Fúria, Descarga, Gigante"
Player0070,236,2919,12,"Canhão, Veneno, Golem, Torre Inferno, Dragão Bebê, Tornado, Mago, Corredor"
Player0071,427,3252,12,"Corredor, Canhão, Cabana de Goblins, Mega Servo, Executor, Príncipe, Mago de Gelo, Lápide"
Player0072,183,2602,14,"Mosqueteira, Tornado, Bruxa, Lápide, Dragão Bebê, Relâmpago, Bola de Fogo, Canhão"
Player0073,267,3686,13,"Mini P.E.K.K.A, Executor, Torre Inferno, Lápide, Cabana de Bárbaros, Corredor, Bárbaros, Fúria"
Player0074,484,2204,12,"Príncipe, Coletor de Elixir, Torre de Bombas, Mago, Mago de Gelo, Cavaleiro, Dragão Bebê, Descarga"
Player0075,492,5142,9,"Príncipe, Canhão, Cabana de Goblins, Mega Servo, Mago, Tornado, Zap, Torre Inferno"
Player0076,248,5156,13,"Bárbaros, Zap, Veneno, Torre de Bombas, Dragão Bebê, Bola de Fogo, P.E.K.K.A, Mago"
Player0077,130,3157,9,"Golem, Arqueiras, Relâmpago, Veneno, P.E.K.K.A, Descarga, Torre Inferno, Corredor"
Player0078,459,2106,13,"Relâmpago, Bola de Fogo, P.E.K.K.A, Mini P.E.K.K.A, Dragão Bebê, Coletor de Elixir, Golem, Cabana de Bárbaros"
Player0079,322,5780,9,"Bárbaros, Arqueiras, Cabana de Bárbaros, Bola de Fogo, Mega Servo, Cavaleiro, Veneno, Canhão"
Player0080,460,4762,11,"Cabana de Bárbaros, Bárbaros, Cavaleiro, Mosqueteira, Mega Servo, Príncipe, Veneno, Cabana de Goblins"
Player0081,391,2973,14,"Mini P.E.K.K.A, P.E.K.K.A, Executor, Golem, Torre de Bombas, Dragão Bebê, Fúria, Torre Inferno"
Player0082,208,2212,9,"Arqueiras, Bárbaros, Fornalha, Descarga, P.E.K.K.A, Torre Inferno, Veneno, Canhão"
Player0083,271,5269,14,"Mosqueteira, Cavaleiro, Coletor de Elixir, Fornalha, Dragão Bebê, Mini P.E.K.K.A, Executor, Cabana de Goblins"
Player0084,373,4736,10,"Gigante, Golem, Coletor de Elixir, Dragão Bebê, Cavaleiro, Corredor, Tornado, Mega Servo"
Player0085,238,4168,11,"Cabana de Bárbaros, Executor, Corredor, Dragão Bebê, Fornalha, Lápide, P.E.K.K.A, Descarga"
Player0086,492,5750,10,"Bruxa, Príncipe, Cabana de Bárbaros, Coletor de Elixir, Corredor, Mini P.E.K.K.A, Dragão Bebê, Fúria"
Player0087,261,2417,12,"Gigante, Mini P.E.K.K.A, Mosqueteira, Mega Servo, Executor, Bola de Fogo, Relâmpago, Canhão"
Player0088,192,4441,11,"P.E.K.K.A, Bruxa, Relâmpago, Mago, Canhão, Arqueiras, Zap, Lápide"
Player0089,252,3519,10,"Cavaleiro, Arqueiras, Mega Servo, Canhão, Coletor de Elixir, Corredor, Cabana de Bárbaros, Descarga"
Player0090,172,4176,11,"Descarga, Zap, Cabana de Bárbaros, Canhão, Dragão Bebê, Lápide, Fornalha, Mago de Gelo"
Player0091,235,4630,14,"Torre Inferno, Bárbaros, Zap, Dragão Bebê, Bola de Fogo, Gigante, Descarga, Fornalha"
Player0092,185,5946,14,"Zap, Tornado, Gigante, Lápide, Canhão, Golem, Relâmpago, Fornalha"
Player0093,104,2649,9,"Corredor, Torre Inferno, Bárbaros, Executor, Torre de Bombas, Mega Servo, Tornado, Lápide"
Player0094,272,2757,13,"Mega Servo, Mago, Gigante, Príncipe, Zap, Mago de Gelo, Arqueiras, Tornado"
Player0095,313,5180,13,"Bárbaros, Cabana de Goblins, Tornado, Cabana de Bárbaros, Descarga, Zap, Mago de Gelo, P.E.K.K.A"
Player0096,63,3340,12,"Mosqueteira, Mago, P.E.K.K.A, Torre de Bombas, Corredor, Cabana de Goblins, Lápide, Cavaleiro"
Player0097,99,3013,10,"Príncipe, Torre Inferno, Coletor de Elixir, Zap, Mago, Mini P.E.K.K.A, Relâmpago, Bruxa"
Player0098,374,5713,10,"Bárbaros, Executor, Dragão Bebê, Canhão, Arqueiras, Cabana de Bárbaros, Mosqueteira, Tornado"
Player0099,498,3873,10,"Príncipe, Corredor, Coletor de Elixir, Canhão, Mega Servo, Mini P.E.K.K.A, Fornalha, Cabana de Bárbaros"
Player0100,476,5908,13,"Bola de Fogo, Torre de Bombas, Fúria, Executor, Mega Servo, Bárbaros, Mosqueteira, Zap"
Player0101,70,4959,13,"Canhão, Corredor, Gigante, Príncipe, Mosqueteira, Mega Servo, Bola de Fogo, Tornado"
Player0102,412,4415,13,"Fornalha, Executor, Bárbaros, Mini P.E.K.K.A, Corredor, Mago de Gelo, Descarga, Mosqueteira"
Player0103,139,3693,13,"Arqueiras, Bola de Fogo, Golem, Mago de Gelo, Torre Inferno, Mosqueteira, Gigante, Tornado"
Player0104,290,5596,10,"Executor, Descarga, Bárbaros, Golem, P.E.K.K.A, Mini P.E.K.K.A, Mago de Gelo, Torre Inferno"
Player0105,61,2166,14,"Torre Inferno, Cabana de Bárbaros, Arqueiras, Coletor de Elixir, P.E.K.K.A, Torre de Bombas, Fúria, Golem"
Player0106,470,5629,9,"Cabana de Goblins, Torre Inferno, Cabana de Bárbaros, Mini P.E.K.K.A, Arqueiras, Canhão, Mago, Bárbaros"
Player0107,60,3770,11,"Bruxa, Torre de Bombas, Coletor de Elixir, Mago, Cavaleiro, Veneno, Fornalha, Arqueiras"
Player0108,301,5751,12,"Executor, Veneno, Arqueiras, Corredor, Bola de Fogo, Torre Inferno, Cabana de Bárbaros, Cabana de Goblins"
Player0109,238,3049,11,"Executor, Mago de Gelo, Tornado, Torre de Bombas, Cavaleiro, Mosqueteira, Príncipe, Descarga"
Player0110,372,3727,11,"Arqueiras, Corredor, Tornado, Torre de Bombas, Golem, Canhão, Lápide, P.E.K.K.A"
Player0111,132,5758,14,"P.E.K.K.A, Gigante, Executor, Tornado, Arqueiras, Golem, Corredor, Cabana de Goblins"
Player0112,300,3525,12,"Corredor, Relâmpago, Executor, Mini P.E.K.K.A, Dragão Bebê, Veneno, Golem, Tornado"
Player0113,244,2304,12,"Cabana de Bárbaros, Torre de Bombas, Mago, Golem, Mini P.E.K.K.A, Relâmpago, Canhão, Bárbaros"
Player0114,337,4083,12,"Dragão Bebê, Fúria, Corredor, Mago, Torre de Bombas, Príncipe, Cavaleiro, Golem"
Player0115,238,3464,12,"Descarga, Gigante, Corredor, Executor, Mago de Gelo, Coletor de Elixir, Tornado, Fúria"
Player0116,222,3270,9,"Bárbaros, Mago de Gelo, P.E.K.K.A, Fúria, Torre de Bombas, Mosqueteira, Mini P.E.K.K.A, Corredor"
Player0117,190,2738,11,"Bola de Fogo, Lápide, Fúria, Mini P.E.K.K.A, Mosqueteira, Bárbaros, Mago, Cavaleiro"
Player0118,131,4479,10,"Canhão, Cavaleiro, Mega Servo, Torre Inferno, Bárbaros, Fornalha, Cabana de Goblins, Príncipe"
Player0119,466,5471,11,"Bola de Fogo, Dragão Bebê, Veneno, Mago de Gelo, Lápide, Mega Servo, Zap, Príncipe"
Player0120,472,3110,14,"Mini P.E.K.K.A, Relâmpago, Arqueiras, Bola de Fogo, Canhão, Mago de Gelo, Fornalha, Torre de Bombas"
Player0121,139,3782,9,"Cavaleiro, Coletor de Elixir, Mega Servo, Bola de Fogo, Torre Inferno, Executor, Arqueiras, Relâmpago"
Player0122,292,2771,14,"Mosqueteira, Fúria, Gigante, Lápide, Cabana de Goblins, Descarga, Cavaleiro, Mega Servo"
Player0123,467,5862,13,"Bárbaros, Cabana de Bárbaros, Relâmpago, Mosqueteira, Dragão Bebê, Mago de Gelo, Tornado, Bola de Fogo"
Player0124,100,2647,11,"Príncipe, Coletor de Elixir, Golem, Torre Inferno, Corredor, Cabana de Goblins, Mosqueteira, Bola de Fogo"
Player0125,183,2965,13,"Torre de Bombas, Cabana de Goblins, Mago de Gelo, Golem, Canhão, Cavaleiro, Bruxa, Torre Inferno"
Player0126,346,2377,14,"Bola de Fogo, Lápide, Príncipe, Tornado, Mega Servo, Bárbaros, Relâmpago, Cabana de Bárbaros"
Player0127,239,2271,14,"Veneno, Lápide, Torre Inferno, Corredor, P.E.K.K.A, Executor, Gigante, Cabana de Goblins"
Player0128,220,3314,14,"Bruxa, Mago de Gelo, Cabana de Goblins, Veneno, Gigante, Cabana de Bárbaros, Zap, Mini P.E.K.K.A"
Player0129,367,2783,12,"Mago de Gelo, Dragão Bebê, Descarga, Príncipe, Cabana de Goblins, Cavaleiro, Coletor de Elixir, Tornado"
Player0130,128,5579,9,"Mini P.E.K.K.A, Descarga, Gigante, Golem, Mega Servo, Bruxa, Bárbaros, Cavaleiro"
Player0131,85,5731,11,"Gigante, Cabana de Bárbaros, Mosqueteira, Veneno, Dragão Bebê, Torre Inferno, Cabana de Goblins, Mago de Gelo"
Player0132,285,5195,11,"Torre de Bombas, Golem, Canhão, Coletor de Elixir, Fornalha, Dragão Bebê, Mega Servo, Lápide"
Player0133,462,2344,12,"Bárbaros, Bruxa, Torre de Bombas, Golem, Mega Servo, Corredor, Canhão, Executor"
Player0134,111,5983,13,"P.E.K.K.A, Torre de Bombas, Mago, Corredor, Tornado, Canhão, Veneno, Executor"
Player0135,437,3057,10,"Golem, Fornalha, Mago de Gelo, Torre de Bombas, Mago, Lápide, Cabana de Goblins, Executor"
Player0136,434,4822,9,"Mago, Mosqueteira, Dragão Bebê, Cavaleiro, Canhão, Mago de Gelo, Bárbaros, Mega Servo"
Player0137,242,5898,10,"Bruxa, Cavaleiro, Lápide, Bola de Fogo, Mini P.E.K.K.A, Mago de Gelo, Fornalha, Dragão Bebê"
Player0138,169,2948,11,"Mosqueteira, Torre Inferno, Mago de Gelo, Mini P.E.K.K.A, Fúria, Mago, Bola de Fogo, Arqueiras"
Player0139,95,3506,13,"Dragão Bebê, Mago, Mosqueteira, Zap, Bárbaros, Cabana de Bárbaros, P.E.K.K.A, Cabana de Goblins"
Player0140,348,2521,12,"Relâmpago, Coletor de Elixir, Executor, Mini P.E.K.K.A, Mega Servo, Fornalha, Golem, P.E.K.K.A"
Player0141,112,3053,10,"Bola de Fogo, Mosqueteira, Cavaleiro, Mago de Gelo, Zap, Corredor, Descarga, Fornalha"
Player0142,60,4540,12,"Canhão, Lápide, P.E.K.K.A, Torre Inferno, Golem, Bruxa, Mago de Gelo, Fornalha"
Player0143,278,4380,9,"Mega Servo, Fúria, Mosqueteira, Arqueiras, Cabana de Bárbaros, Mago de Gelo, Descarga, Dragão Bebê"
Player0144,293,4569,11,"Torre de Bombas, Torre Inferno, Veneno, Fornalha, Mago de Gelo, Cavaleiro, Tornado, Bola de Fogo"
Player0145,70,2918,11,"Cabana de Goblins, Príncipe, Fúria, Lápide, Mago de Gelo, Tornado, Coletor de Elixir, Bola de Fogo"
Player0146,120,2065,9,"Zap, Torre Inferno, Lápide, Mago, Bola de Fogo, Mega Servo, Fúria, Torre de Bombas"
Player0147,252,4324,11,"Mago, Bruxa, Bárbaros, Golem, Coletor de Elixir, Torre Inferno, Príncipe, Mosqueteira"
Player0148,336,3356,10,"Arqueiras, Executor, Golem, Torre de Bombas, Coletor de Elixir, Fornalha, Cavaleiro, Relâmpago"
Player0149,71,5276,9,"Cabana de Bárbaros, Tornado, Zap, Mago, Executor, Fornalha, Gigante, Descarga"
Player0150,91,2682,11,"Descarga, Mosqueteira, Bruxa, Cabana de Goblins, Arqueiras, Fornalha, Tornado, Cabana de Bárbaros"
Player0151,160,4133,11,"Arqueiras, Veneno, Descarga, Fornalha, Mini P.E.K.K.A, Fúria, Príncipe, Lápide"
Player0152,392,4868,13,"Torre Inferno, Mago de Gelo, Canhão, Veneno, Bruxa, Descarga, Mago, Mega Servo"
Player0153,68,5877,12,"Zap, Relâmpago, Dragão Bebê, Fornalha, Mega Servo, P.E.K.K.A, Gigante, Mago de Gelo"
Player0154,426,6000,10,"Bárbaros, Cabana de Bárbaros, Dragão Bebê, Mega Servo, Torre de Bombas, Gigante, Príncipe, Veneno"
Player0155,204,3981,11,"Canhão, Mago de Gelo, Bruxa, Mosqueteira, Executor, Mago, Mini P.E.K.K.A, Corredor"
Player0156,196,5545,11,"Príncipe, Cavaleiro, Cabana de Goblins, Torre Inferno, Veneno, Descarga, Tornado, Mago de Gelo"
Player0157,240,2011,12,"Cavaleiro, Bola de Fogo, Executor, Canhão, Coletor de Elixir, Dragão Bebê, Bárbaros, Corredor"
Player0158,175,3987,11,"Mini P.E.K.K.A, Dragão Bebê, Fúria, Tornado, Veneno, Mago de Gelo, Bola de Fogo, Canhão"
Player0159,281,2013,13,"Corredor, Coletor de Elixir, Torre de Bombas, Mago, Gigante, Arqueiras, Fúria, Mago de Gelo"
Player0160,307,5043,11,"Coletor de Elixir, Torre de Bombas, Corredor, Torre Inferno, P.E.K.K.A, Descarga, Relâmpago, Lápide"
Player0161,65,5448,12,"Mago de Gelo, Torre de Bombas, Mosqueteira, Lápide, Mega Servo, Tornado, Mago, Zap"
Player0162,318,5683,13,"Torre de Bombas, Dragão Bebê, Príncipe, Cabana de Goblins, Gigante, Mega Servo, Mago de Gelo, Mosqueteira"
Player0163,126,5829,12,"Lápide, Descarga, Mega Servo, Fornalha, Arqueiras, Zap, Golem, P.E.K.K.A"
Player0164,485,2477,11,"Arqueiras, Veneno, Cavaleiro, Lápide, Príncipe, Torre Inferno, Golem, Mago de Gelo"
Player0165,408,3715,9,"Bruxa, Mago de Gelo, Mosqueteira, Cabana de Bárbaros, Arqueiras, Tornado, Lápide, Torre Inferno"
Player0166,109,5675,14,"Cabana de Goblins, Golem, Torre de Bombas, Príncipe, Fornalha, Bruxa, Veneno, Mago de Gelo"
Player0167,177,2906,14,"Dragão Bebê, Fornalha, Mago de Gelo, Príncipe, Coletor de Elixir, Gigante, Tornado, Descarga"
Player0168,246,3344,11,"Torre Inferno, Gigante, Dragão Bebê, Mago, Lápide, Relâmpago, Fúria, Corredor"
Player0169,214,3214,14,"Bola de Fogo, Bruxa, Cabana de Bárbaros, Mago, Cavaleiro, P.E.K.K.A, Coletor de Elixir, Príncipe"
Player0170,99,3655,9,"Mini P.E.K.K.A, Cavaleiro, Golem, Descarga, Gigante, Veneno, Mago, Torre Inferno"
Player0171,408,5436,13,"Descarga, Príncipe, Torre de Bombas, Bola de Fogo, Relâmpago, Cabana de Goblins, Bruxa, Torre Inferno"
Player0172,366,3554,12,"Mega Servo, Veneno, Relâmpago, Fúria, Mago de Gelo, Corredor, Canhão, Cabana de Goblins"
Player0173,88,5167,12,"Executor, Golem, Lápide, Canhão, Arqueiras, Zap, Bruxa, Bárbaros"
Player0174,112,3132,10,"Zap, Mosqueteira, Bárbaros, Mago, Cavaleiro, Lápide, Mega Servo, Mini P.E.K.K.A"
Player0175,491,3065,11,"Descarga, Príncipe, Arqueiras, Veneno, Dragão Bebê, Mega Servo, Relâmpago, Lápide"
Player0176,405,3263,9,"Mega Servo, Mago, Cabana de Goblins, Cabana de Bárbaros, Coletor de Elixir, Gigante, Relâmpago, Mini P.E.K.K.A"
Player0177,141,3580,10,"Príncipe, Golem, Fúria, Tornado, Descarga, Gigante, Bruxa, Torre Inferno"
Player0178,76,2002,12,"Tornado, Fúria, Cabana de Goblins, Zap, Torre Inferno, Príncipe, Descarga, Gigante"
Player0179,146,2746,12,"Mini P.E.K.K.A, Fornalha, Mega Servo, Relâmpago, Dragão Bebê, Descarga, Bola de Fogo, Veneno"
Player0180,433,3776,14,"Relâmpago, Arqueiras, Mini P.E.K.K.A, Mosqueteira, Lápide, Torre Inferno, Bárbaros, Cabana de Bárbaros"
Player0181,492,2803,9,"Executor, Príncipe, Descarga, Mini P.E.K.K.A, Lápide, Bola de Fogo, Mago, Torre de Bombas"
Player0182,346,5669,14,"Príncipe, Mega Servo, Torre de Bombas, Cabana de Bárbaros, Corredor, Tornado, Fúria, Zap"
Player0183,151,2785,10,"Lápide, Cavaleiro, Dragão Bebê, Coletor de Elixir, Mago de Gelo, Corredor, Mosqueteira, Bárbaros"
Player0184,363,3467,14,"Bruxa, Relâmpago, Mago de Gelo, Fúria, Bárbaros, Tornado, Corredor, Arqueiras"
Player0185,283,3728,9,"Mini P.E.K.K.A, Executor, Mosqueteira, Bola de Fogo, Mago, Cabana de Bárbaros, Lápide, Relâmpago"
Player0186,307,2708,10,"Cabana de Bárbaros, Corredor, P.E.K.K.A, Dragão Bebê, Mini P.E.K.K.A, Lápide, Mega Servo, Coletor de Elixir"
Player0187,262,5528,9,"Mega Servo, Príncipe, Mago, Gigante, Corredor, Fornalha, Torre Inferno, Relâmpago"
Player0188,208,3548,14,"Cabana de Goblins, Golem, Cabana de Bárbaros, Dragão Bebê, Bruxa, Mega Servo, Descarga, Executor"
Player0189,497,4497,14,"Mini P.E.K.K.A, Coletor de Elixir, Bruxa, Torre de Bombas, P.E.K.K.A, Descarga, Gigante, Cavaleiro"
Player0190,68,5694,11,"Dragão Bebê, Bruxa, Corredor, Veneno, Gigante, P.E.K.K.A, Cabana de Bárbaros, Príncipe"
Player0191,342,2313,13,"Cavaleiro, Fornalha, Mini P.E.K.K.A, P.E.K.K.A, Corredor, Relâmpago, Zap, Dragão Bebê"
Player0192,238,3674,11,"Fúria, Descarga, Arqueiras, Príncipe, Mago, Mago de Gelo, Bruxa, Torre de Bombas"
Player0193,357,2843,9,"Gigante, Mega Servo, Cabana de Bárbaros, Lápide, Mosqueteira, Cavaleiro, Dragão Bebê, Bárbaros"
Player0194,102,5641,13,"Cabana de Bárbaros, Torre de Bombas, P.E.K.K.A, Dragão Bebê, Cavaleiro, Príncipe, Mosqueteira, Tornado"
Player0195,76,2586,14,"Mago de Gelo, Mega Servo, Lápide, Canhão, Descarga, Bárbaros, Bola de Fogo, Gigante"
Player0196,96,5142,10,"Cabana de Bárbaros, Torre de Bombas, Arqueiras, Fornalha, Lápide, Bola de Fogo, Canhão, Mega Servo"
Player0197,379,3207,12,"Mini P.E.K.K.A, Veneno, Zap, Torre Inferno, Golem, Corredor, Torre de Bombas, Cavaleiro"
Player0198,383,5127,12,"Príncipe, Cabana de Goblins, Cabana de Bárbaros, Mago de Gelo, Lápide, Bruxa, Golem, Descarga"
Player0199,270,5462,11,"Bárbaros, Torre de Bombas, Mega Servo, Dragão Bebê, Coletor de Elixir, Executor, Mago de Gelo, Mago"
Player0200,392,4238,10,"Coletor de Elixir, Cavaleiro, Dragão Bebê, Cabana de Goblins, Fornalha, Executor, Canhão, Tornado"
Player0201,317,4198,10,"Fornalha, Torre de Bombas, Cabana de Goblins, Mini P.E.K.K.A, Coletor de Elixir, Mago de Gelo, Torre Inferno, Bárbaros"
Player0202,395,5630,12,"Fúria, Coletor de Elixir, Bruxa, Executor, Fornalha, Cabana de Bárbaros, Relâmpago, Cavaleiro"
Player0203,291,3345,11,"Veneno, Canhão, P.E.K.K.A, Dragão Bebê, Arqueiras, Mago de Gelo, Príncipe, Relâmpago"
Player0204,476,4367,11,"Dragão Bebê, Cavaleiro, P.E.K.K.A, Príncipe, Veneno, Descarga, Lápide, Bárbaros"
Player0205,101,5472,9,"Gigante, Descarga, Bárbaros, Bola de Fogo, Mosqueteira, Cabana de Bárbaros, Coletor de Elixir, Corredor"
Player0206,189,5171,14,"Mosqueteira, Dragão Bebê, Mago, Bola de Fogo, Cabana de Bárbaros, Golem, Mini P.E.K.K.A, Bárbaros"
Player0207,203,4778,12,"Veneno, P.E.K.K.A, Lápide, Cabana de Goblins, Príncipe, Dragão Bebê, Cabana de Bárbaros, Bárbaros"
Player0208,259,5501,13,"Tornado, Descarga, Cabana de Goblins, Arqueiras, Bola de Fogo, Dragão Bebê, Torre Inferno, Coletor de Elixir"
Player0209,488,2492,14,"Arqueiras, Mago de Gelo, Executor, Príncipe, Fornalha, Bárbaros, Tornado, Coletor de Elixir"
Player0210,293,3956,12,"Tornado, Descarga, Fúria, Golem, Mini P.E.K.K.A, Arqueiras, Mago, Cavaleiro"
Player0211,409,3682,12,"Relâmpago, Golem, Veneno, Fúria, Bárbaros, P.E.K.K.A, Executor, Bola de Fogo"
Player0212,296,3624,12,"Fornalha, Cabana de Goblins, Mago, Veneno, Bola de Fogo, Fúria, Bruxa, Zap"
Player0213,103,5579,13,"Bruxa, Dragão Bebê, Golem, Relâmpago, Veneno, Torre Inferno, Mini P.E.K.K.A, Fúria"
Player0214,223,2199,10,"Príncipe, Zap, Mago, Mega Servo, Cabana de Bárbaros, Executor, Descarga, Cavaleiro"
Player0215,500,2458,14,"Bola de Fogo, Cabana de Bárbaros, Cabana de Goblins, Tornado, Bárbaros, Príncipe, Canhão, Coletor de Elixir"
Player0216,153,4632,9,"Mago de Gelo, Golem, Cabana de Goblins, Torre Inferno, Fornalha, Veneno, Mega Servo, Gigante"
Player0217,93,2933,13,"Mosqueteira, Gigante, Bola de Fogo, Zap, Relâmpago, Descarga, Tornado, Cabana de Bárbaros"
Player0218,262,2321,13,"Cabana de Bárbaros, P.E.K.K.A, Arqueiras, Cabana de Goblins, Golem, Príncipe, Tornado, Canhão"
Player0219,304,2632,13,"Corredor, P.E.K.K.A, Bárbaros, Relâmpago, Fornalha, Cabana de Goblins, Cavaleiro, Golem"
Player0220,246,2661,9,"Mosqueteira, Cavaleiro, Descarga, Torre de Bombas, Relâmpago, Mago de Gelo, Cabana de Goblins, Bárbaros"
Player0221,467,2108,9,"Príncipe, Cavaleiro, Mago, Canhão, P.E.K.K.A, Relâmpago, Arqueiras, Bruxa"
Player0222,382,2908,12,"Mago de Gelo, Mega Servo, Executor, Príncipe, Zap, Mago, Canhão, Bola de Fogo"
Player0223,106,3531,12,"Bola de Fogo, Canhão, Cabana de Bárbaros, Dragão Bebê, Cabana de Goblins, Cavaleiro, Mosqueteira, Zap"
Player0224,54,5139,10,"Bruxa, Tornado, Gigante, Mago, Lápide, Veneno, Torre Inferno, Mosqueteira"
Player0225,142,3009,14,"Golem, Bola de Fogo, Mago, Torre de Bombas, Arqueiras, Canhão, Corredor, Relâmpago"
Player0226,80,5481,10,"Arqueiras, Veneno, Torre Inferno, Lápide, Mega Servo, Executor, Cabana de Goblins, Mosqueteira"
Player0227,497,5568,14,"Mega Servo, Fornalha, P.E.K.K.A, Arqueiras, Fúria, Bola de Fogo, Veneno, Gigante"
Player0228,92,5740,9,"Veneno, Torre de Bombas, Descarga, Golem, Cavaleiro, Príncipe, Arqueiras, Torre Inferno"
Player0229,449,2791,11,"Fornalha, Cabana de Bárbaros, Relâmpago, Mini P.E.K.K.A, Canhão, Gigante, Mago, Torre de Bombas"
Player0230,376,5211,9,"Coletor de Elixir, Executor, Mosqueteira, Arqueiras, Gigante, Bola de Fogo, Descarga, Lápide"
Player0231,138,2469,13,"Lápide, Torre Inferno, Canhão, Cabana de Bárbaros, Arqueiras, Mago de Gelo, Mago, Príncipe"
Player0232,399,4597,13,"Cavaleiro, Fúria, Relâmpago, Arqueiras, Mega Servo, Tornado, Zap, Mago"
Player0233,192,3475,14,"Bola de Fogo, Cavaleiro, Torre de Bombas, P.E.K.K.A, Mega Servo, Príncipe, Arqueiras, Tornado"
Player0234,78,5339,11,"Gigante, Corredor, Mega Servo, Fúria, P.E.K.K.A, Cavaleiro, Lápide, Cabana de Goblins"
Player0235,87,2094,9,"Fornalha, Mosqueteira, Coletor de Elixir, Torre de Bombas, Mega Servo, Cabana de Goblins, Bárbaros, Canhão"
Player0236,239,4091,11,"Cabana de Goblins, Zap, Fornalha, Cavaleiro, Tornado, Cabana de Bárbaros, Coletor de Elixir, Bruxa"
Player0237,369,5391,9,"Golem, Canhão, Mosqueteira, P.E.K.K.A, Mago, Coletor de Elixir, Mega Servo, Arqueiras"
Player0238,457,3533,11,"Descarga, Coletor de Elixir, Executor, Golem, Mago de Gelo, Lápide, Mosqueteira, Arqueiras"
Player0239,71,4755,13,"Cavaleiro, Fornalha, Torre Inferno, Mago de Gelo, Zap, P.E.K.K.A, Bárbaros, Canhão"
Player0240,301,2607,10,"Mega Servo, Cabana de Bárbaros, Bruxa, Lápide, Torre de Bombas, Cabana de Goblins, Cavaleiro, Bola de Fogo"
Player0241,114,5384,14,"Executor, Bárbaros, Mago, P.E.K.K.A, Torre Inferno, Bruxa, Descarga, Príncipe"
Player0242,248,4522,11,"Príncipe, Golem, Bola de Fogo, Bruxa, Corredor, Gigante, Mago de Gelo, Cabana de Goblins"
Player0243,85,4639,9,"Cabana de Goblins, Coletor de Elixir, Veneno, Dragão Bebê, Golem, Executor, Torre Inferno, Mini P.E.K.K.A"
Player0244,449,2275,12,"Torre Inferno, Golem, Bola de Fogo, Mini P.E.K.K.A, Príncipe, Veneno, Tornado, Cabana de Bárbaros"
Player0245,360,5934,11,"Mago de Gelo, Arqueiras, Mago, Bola de Fogo, Canhão, Zap, Fornalha, Golem"
Player0246,254,5721,9,"Cavaleiro, Veneno, Mosqueteira, Bruxa, Mini P.E.K.K.A, Bárbaros, Coletor de Elixir, Executor"
Player0247,422,5255,12,"Fornalha, Lápide, Bola de Fogo, Coletor de Elixir, Golem, Cavaleiro, Arqueiras, Cabana de Bárbaros"
Player0248,487,4142,12,"P.E.K.K.A, Mini P.E.K.K.A, Bruxa, Príncipe, Golem, Gigante, Canhão, Cabana de Goblins"
Player0249,391,3949,14,"Gigante, Corredor, Lápide, Golem, Mago de Gelo, Fornalha, Veneno, Cabana de Bárbaros"
Player0250,92,4441,13,"Descarga, Mega Servo, Lápide, Cabana de Goblins, Príncipe, Gigante, Dragão Bebê, Relâmpago"
Player0251,432,2081,10,"Gigante, Fúria, Veneno, Corredor, Torre Inferno, Cabana de Goblins, Relâmpago, Bárbaros"
Player0252,429,3411,9,"Gigante, Fornalha, Bola de Fogo, Coletor de Elixir, Descarga, Mega Servo, Fúria, Mini P.E.K.K.A"
Player0253,264,3847,10,"Torre Inferno, Cabana de Goblins, Tornado, Corredor, Cabana de Bárbaros, Canhão, Torre de Bombas, Coletor de Elixir"
Player0254,359,4790,14,"Bruxa, Torre Inferno, Bárbaros, Dragão Bebê, Gigante, P.E.K.K.A, Bola de Fogo, Cabana de Bárbaros"
Player0255,332,5054,12,"Príncipe, Cabana de Goblins, Bruxa, P.E.K.K.A, Cavaleiro, Veneno, Descarga, Fornalha"
Player0256,191,3014,13,"Cabana de Bárbaros, Fornalha, Mago de Gelo, Torre Inferno, Fúria, Zap, P.E.K.K.A, Veneno"
Player0257,255,5088,12,"Golem, Cavaleiro, Cabana de Goblins, Gigante, Mini P.E.K.K.A, Zap, Mega Servo, Corredor"
Player0258,340,4555,10,"Arqueiras, Corredor, Fúria, Canhão, Mini P.E.K.K.A, Cavaleiro, Mago de Gelo, Bárbaros"
Player0259,248,5455,11,"Tornado, Mosqueteira, Coletor de Elixir, Relâmpago, Golem, Executor, Fúria, Príncipe"
Player0260,95,3146,9,"Executor, Arqueiras, Bola de Fogo, Gigante, Golem, Mago, Canhão, Tornado"
Player0261,281,2291,10,"Arqueiras, Canhão, Cavaleiro, Mega Servo, Mosqueteira, P.E.K.K.A, Torre de Bombas, Descarga"
Player0262,112,3088,12,"Canhão, Príncipe, Veneno, Fornalha, Dragão Bebê, Corredor, Mago, P.E.K.K.A"
Player0263,195,2759,14,"Golem, Lápide, Fúria, Descarga, Fornalha, Mega Servo, Torre Inferno, Bárbaros"
Player0264,396,4361,13,"Bruxa, Mosqueteira, Mini P.E.K.K.A, Coletor de Elixir, Torre de Bombas, Zap, Bárbaros, Mega Servo"
Player0265,415,5937,9,"Cabana de Bárbaros, Veneno, Gigante, Bruxa, Descarga, Mago de Gelo, P.E.K.K.A, Canhão"
Player0266,277,3598,14,"Veneno, Coletor de Elixir, Lápide, Bárbaros, Gigante, Canhão, Torre Inferno, Mago"
Player0267,374,4802,14,"Torre Inferno, Canhão, Zap, P.E.K.K.A, Mago de Gelo, Cavaleiro, Bola de Fogo, Relâmpago"
Player0268,235,3006,13,"Lápide, Torre de Bombas, Gigante, Zap, Veneno, Fúria, Canhão, Torre Inferno"
Player0269,414,3811,10,"Dragão Bebê, Golem, Bola de Fogo, Descarga, Executor, Canhão, Relâmpago, Corredor"
Player0270,329,5457,12,"Cabana de Bárbaros, Torre de Bombas, Canhão, Tornado, Mega Servo, Veneno, Mago de Gelo, Arqueiras"
Player0271,227,3795,14,"Cabana de Goblins, Tornado, Bola de Fogo, Veneno, Golem, Coletor de Elixir, Gigante, Mini P.E.K.K.A"
Player0272,75,4351,14,"Mago, Corredor, Torre de Bombas, Veneno, Bárbaros, Coletor de Elixir, Executor, Bruxa"
Player0273,229,5545,14,"Bruxa, Coletor de Elixir, Gigante, Dragão Bebê, Relâmpago, Mago de Gelo, Fúria, Bola de Fogo"
Player0274,272,2820,12,"Tornado, Dragão Bebê, Cavaleiro, Fúria, Mago de Gelo, Torre Inferno, Corredor, Mini P.E.K.K.A"
Player0275,215,4255,10,"Bruxa, Fúria, Relâmpago, Zap, Gigante, Dragão Bebê, Mosqueteira, Fornalha"
Player0276,152,3893,10,"Fúria, Torre Inferno, Cabana de Goblins, Corredor, Canhão, Arqueiras, Golem, Fornalha"
Player0277,371,4309,9,"Fúria, Tornado, Mago de Gelo, Relâmpago, Mago, Mosqueteira, Canhão, Corredor"
Player0278,288,4176,11,"Lápide, Descarga, Bárbaros, Mini P.E.K.K.A, Dragão Bebê, P.E.K.K.A, Arqueiras, Zap"
Player0279,65,2697,10,"Canhão, Veneno, Cabana de Goblins, Bárbaros, Lápide, Tornado, Mini P.E.K.K.A, Fornalha"
Player0280,137,4750,10,"Fúria, Tornado, Torre de Bombas, Mini P.E.K.K.A, Zap, Mago de Gelo, Gigante, Bárbaros"
Player0281,287,4798,10,"Gigante, Lápide, Coletor de Elixir, Mago de Gelo, Cabana de Bárbaros, Relâmpago, Cavaleiro, Mago"
Player0282,86,3533,11,"P.E.K.K.A, Mago de Gelo, Canhão, Mago, Bárbaros, Mosqueteira, Cabana de Goblins, Cabana de Bárbaros"
Player0283,120,2770,10,"Cavaleiro, P.E.K.K.A, Fúria, Golem, Veneno, Relâmpago, Bola de Fogo, Tornado"
Player0284,446,2137,10,"Golem, Cavaleiro, Arqueiras, Executor, Torre de Bombas, Mini P.E.K.K.A, Mosqueteira, Mago de Gelo"
Player0285,359,5103,10,"Fúria, Arqueiras, Bárbaros, Torre Inferno, Coletor de Elixir, Relâmpago, Príncipe, Golem"
Player0286,111,3898,9,"Príncipe, Zap, Gigante, Executor, Lápide, Mago, Torre Inferno, Coletor de Elixir"
Player0287,400,2287,12,"Coletor de Elixir, Arqueiras, Mago de Gelo, Veneno, Fornalha, Golem, Bruxa, Bola de Fogo"
Player0288,289,5071,9,"Príncipe, Bola de Fogo, Cabana de Goblins, Torre Inferno, Coletor de Elixir, Mosqueteira, Fúria, Bruxa"
Player0289,388,5062,10,"Dragão Bebê, P.E.K.K.A, Mago, Corredor, Fúria, Mago de Gelo, Zap, Torre Inferno"
Player0290,345,2893,13,"Cabana de Bárbaros, Lápide, Mosqueteira, Descarga, Relâmpago, Cabana de Goblins, Príncipe, Torre de Bombas"
Player0291,146,2654,10,"Príncipe, P.E.K.K.A, Mega Servo, Bárbaros, Lápide, Bruxa, Corredor, Cabana de Bárbaros"
Player0292,248,3082,11,"Canhão, Mini P.E.K.K.A, Mago, Zap, Torre Inferno, Relâmpago, Bruxa, Corredor"
Player0293,151,4650,14,"Fúria, Mosqueteira, Lápide, Tornado, Cavaleiro, Torre Inferno, Cabana de Goblins, Mago de Gelo"
Player0294,202,3359,12,"Príncipe, Golem, P.E.K.K.A, Zap, Mini P.E.K.K.A, Cabana de Goblins, Lápide, Coletor de Elixir"
Player0295,491,4308,12,"Torre Inferno, Veneno, Corredor, Dragão Bebê, Zap, Golem, Bruxa, Bárbaros"
Player0296,97,2526,13,"Bruxa, Mini P.E.K.K.A, Bola de Fogo, Mosqueteira, Corredor, Zap, P.E.K.K.A, Descarga"
Player0297,51,2481,9,"Gigante, Mega Servo, Mago de Gelo, Bruxa, Cabana de Goblins, Descarga, Mago, Tornado"
Player0298,338,4321,12,"Bola de Fogo, Cavaleiro, P.E.K.K.A, Corredor, Bárbaros, Arqueiras, Dragão Bebê, Tornado"
Player0299,343,5998,9,"Arqueiras, Coletor de Elixir, Mosqueteira, Mega Servo, Lápide, Bola de Fogo, Torre de Bombas, Corredor"
Player0300,228,4408,12,"Bruxa, Descarga, Lápide, Dragão Bebê, Coletor de Elixir, Torre Inferno, Mago, P.E.K.K.A"
Player0301,189,2220,13,"Torre de Bombas, Canhão, Dragão Bebê, Veneno, Corredor, Cavaleiro, Mini P.E.K.K.A, Arqueiras"
Player0302,273,4486,12,"Descarga, Corredor, Cabana de Goblins, Zap, Golem, Mosqueteira, Arqueiras, P.E.K.K.A"
Player0303,389,4843,10,"Coletor de Elixir, Corredor, Lápide, Mega Servo, Relâmpago, Veneno, Golem, Bárbaros"
Player0304,295,2263,14,"P.E.K.K.A, Cabana de Bárbaros, Bárbaros, Arqueiras, Dragão Bebê, Príncipe, Mago de Gelo, Veneno"
Player0305,132,5902,12,"Canhão, Tornado, Relâmpago, Torre Inferno, Executor, Príncipe, Coletor de Elixir, Gigante"
Player0306,462,2934,14,"Gigante, Príncipe, Canhão, Fornalha, Torre de Bombas, Cavaleiro, Mini P.E.K.K.A, Tornado"
Player0307,291,5200,11,"Zap, Bruxa, Golem, Fúria, Mago de Gelo, Lápide, Dragão Bebê, Cabana de Goblins"
Player0308,106,3066,11,"Bola de Fogo, Veneno, Golem, Descarga, Executor, Lápide, Príncipe, Gigante"
Player0309,103,5103,13,"Torre de Bombas, Arqueiras, Descarga, Fúria, Mago de Gelo, Bárbaros, Fornalha, Executor"
Player0310,494,2994,11,"Bruxa, Arqueiras, Zap, Bola de Fogo, Fúria, Torre Inferno, Mago, Cavaleiro"
Player0311,455,4699,14,"Lápide, P.E.K.K.A, Mosqueteira, Bruxa, Mega Servo, Fornalha, Fúria, Corredor"
Player0312,270,4296,14,"Mega Servo, Cabana de Bárbaros, Lápide, Torre de Bombas, Fúria, Canhão, Bola de Fogo, Mago"
Player0313,186,4105,9,"Canhão, Bárbaros, P.E.K.K.A, Mosqueteira, Mini P.E.K.K.A, Cabana de Bárbaros, Mago de Gelo, Príncipe"
Player0314,423,3044,14,"Zap, Príncipe, Fornalha, Torre de Bombas, Bola de Fogo, Dragão Bebê, Gigante, P.E.K.K.A"
Player0315,435,2709,11,"Cavaleiro, Tornado, Cabana de Bárbaros, Mago de Gelo, Fúria, Executor, Veneno, Mago"
Player0316,133,5881,12,"Mosqueteira, Torre Inferno, Bruxa, P.E.K.K.A, Bola de Fogo, Lápide, Mago, Cavaleiro"
Player0317,347,2548,12,"Torre Inferno, Coletor de Elixir, Mago de Gelo, Tornado, Bola de Fogo, Gigante, Fornalha, Mosqueteira"
Player0318,156,4569,9,"Veneno, P.E.K.K.A, Relâmpago, Mini P.E.K.K.A, Arqueiras, Torre Inferno, Lápide, Fornalha"
Player0319,499,2169,14,"Golem, Torre de Bombas, Príncipe, Lápide, Executor, Cavaleiro, Bárbaros, Bruxa"
Player0320,129,5604,9,"Mega Servo, Mini P.E.K.K.A, Torre de Bombas, Bola de Fogo, Mosqueteira, Bruxa, Corredor, Cabana de Goblins"
Player0321,389,5105,13,"Lápide, Bola de Fogo, Coletor de Elixir, Cabana de Bárbaros, Arqueiras, Corredor, Torre Inferno, Mago"
Player0322,351,5203,13,"Coletor de Elixir, Mago de Gelo, Zap, Torre de Bombas, Bruxa, Fornalha, Golem, P.E.K.K.A"
Player0323,208,4462,9,"Bola de Fogo, Bárbaros, Torre de Bombas, Executor, Descarga, Corredor, Cabana de Goblins, Fúria"
Player0324,145,4280,10,"Mega Servo, Coletor de Elixir, Golem, Torre de Bombas, Bola de Fogo, Príncipe, Fúria, Cabana de Goblins"
Player0325,357,2994,9,"Corredor, Mosqueteira, Gigante, Mega Servo, Mago de Gelo, Zap, Lápide, Relâmpago"
Player0326,152,3312,13,"Tornado, Cavaleiro, Coletor de Elixir, Descarga, Mago de Gelo, Cabana de Goblins, Fúria, Gigante"
Player0327,346,3527,10,"Executor, Relâmpago, Gigante, Corredor, Mega Servo, Descarga, Fúria, Cabana de Bárbaros"
Player0328,167,2676,14,"Mosqueteira, Torre de Bombas, Relâmpago, Golem, Bárbaros, Cabana de Bárbaros, Bruxa, Cabana de Goblins"
Player0329,67,5526,10,"Executor, Fornalha, Bárbaros, Torre Inferno, Corredor, Mini P.E.K.K.A, Coletor de Elixir, Mago de Gelo"
Player0330,475,3065,11,"Cabana de Goblins, Mago de Gelo, Príncipe, Lápide, Mini P.E.K.K.A, Mosqueteira, Cabana de Bárbaros, Cavaleiro"
Player0331,419,2078,13,"Torre Inferno, Coletor de Elixir, Veneno, Executor, Tornado, Dragão Bebê, Mega Servo, Cabana de Goblins"
Player0332,372,4906,12,"Zap, Descarga, Relâmpago, Canhão, Golem, Coletor de Elixir, Cabana de Goblins, Príncipe"
Player0333,168,5617,11,"Príncipe, Corredor, Mega Servo, Mini P.E.K.K.A, Arqueiras, Cavaleiro, Coletor de Elixir, Cabana de Goblins"
Player0334,134,4249,12,"Cabana de Bárbaros, Mini P.E.K.K.A, Bruxa, Torre de Bombas, Coletor de Elixir, Fornalha, Príncipe, Mega Servo"
Player0335,250,4711,13,"Bruxa, Zap, Lápide, Coletor de Elixir, Mega Servo, Cabana de Bárbaros, Golem, Dragão Bebê"
Player0336,342,3613,12,"Veneno, Bárbaros, Arqueiras, Coletor de Elixir, Torre Inferno, Zap, Relâmpago, Cabana de Bárbaros"
Player0337,398,4852,14,"Torre Inferno, Fúria, Cabana de Bárbaros, Lápide, P.E.K.K.A, Bola de Fogo, Cavaleiro, Mago de Gelo"
Player0338,465,4702,11,"Mago, Lápide, Tornado, Príncipe, Zap, Mini P.E.K.K.A, P.E.K.K.A, Bárbaros"
Player0339,153,4751,14,"Cabana de Goblins, Mega Servo, Dragão Bebê, Canhão, Bruxa, P.E.K.K.A, Arqueiras, Gigante"
Player0340,414,3911,9,"Príncipe, Mosqueteira, Descarga, Corredor, Canhão, P.E.K.K.A, Arqueiras, Tornado"
Player0341,276,2780,9,"Arqueiras, Lápide, Zap, Torre Inferno, Cabana de Goblins, Mago, Bruxa, Fornalha"
Player0342,166,5687,13,"P.E.K.K.A, Descarga, Tornado, Príncipe, Lápide, Bruxa, Torre Inferno, Mini P.E.K.K.A"
Player0343,202,5042,14,"Bárbaros, Zap, Fúria, Fornalha, Coletor de Elixir, Arqueiras, Mosqueteira, Golem"
Player0344,331,2894,9,"P.E.K.K.A, Descarga, Zap, Canhão, Mago, Corredor, Mosqueteira, Golem"
Player0345,281,2459,14,"Lápide, Mago, Dragão Bebê, Mago de Gelo, Canhão, Fúria, Bola de Fogo, Tornado"
Player0346,135,4619,12,"Zap, Fornalha, Torre Inferno, Mega Servo, Coletor de Elixir, Gigante, Mago de Gelo, Príncipe"
Player0347,259,5555,13,"Zap, Mega Servo, Canhão, Bola de Fogo, Cabana de Bárbaros, Dragão Bebê, Mini P.E.K.K.A, Torre de Bombas"
Player0348,451,2396,14,"Golem, Bruxa, Zap, Coletor de Elixir, Cabana de Goblins, Executor, Mega Servo, Mago"
Player0349,106,5368,13,"Mago, Executor, Cabana de Bárbaros, Torre de Bombas, Zap, P.E.K.K.A, Relâmpago, Dragão Bebê"
Player0350,491,3381,9,"Golem, Cabana de Bárbaros, Zap, Relâmpago, Bruxa, Fúria, Mini P.E.K.K.A, Descarga"
Player0351,224,3901,12,"Gigante, Cabana de Goblins, Veneno, Canhão, Zap, Torre Inferno, Descarga, Lápide"
Player0352,468,3567,13,"Mago de Gelo, Bruxa, Veneno, Cabana de Bárbaros, Bárbaros, Canhão, Cabana de Goblins, P.E.K.K.A"
Player0353,196,4904,12,"Mega Servo, Canhão, Mini P.E.K.K.A, Veneno, Descarga, Príncipe, Cavaleiro, Torre Inferno"
Player0354,425,4146,14,"Mago de Gelo, Mega Servo, Tornado, Lápide, Mosqueteira, Torre Inferno, Mini P.E.K.K.A, Relâmpago"
Player0355,118,3123,10,"Coletor de Elixir, Fornalha, Torre Inferno, Arqueiras, Zap, Bola de Fogo, Dragão Bebê, Golem"
Player0356,480,3390,13,"Torre Inferno, Zap, Cabana de Bárbaros, Lápide, Gigante, Relâmpago, Coletor de Elixir, Tornado"
Player0357,231,5809,11,"Mago de Gelo, Fúria, Mosqueteira, Descarga, Mega Servo, Torre de Bombas, Coletor de Elixir, Dragão Bebê"
Player0358,417,4561,13,"Bruxa, Golem, Mago, Lápide, Zap, Dragão Bebê, Canhão, Tornado"
Player0359,499,2084,13,"Veneno, Relâmpago, Arqueiras, Gigante, Mini P.E.K.K.A, Cavaleiro, Mosqueteira, Executor"
Player0360,196,2688,14,"Corredor, Mago de Gelo, Príncipe, Cabana de Goblins, Relâmpago, Veneno, Dragão Bebê, Executor"
Player0361,213,3854,9,"Executor, Cabana de Goblins, Cabana de Bárbaros, Canhão, Corredor, Mago, Príncipe, Tornado"
Player0362,359,2529,11,"Torre de Bombas, Bruxa, Corredor, Mosqueteira, Mega Servo, Bárbaros, Canhão, Zap"
Player0363,60,3369,12,"Zap, Príncipe, Executor, Mago de Gelo, Torre Inferno, Cavaleiro, Descarga, Mini P.E.K.K.A"
Player0364,407,5468,12,"Fornalha, Príncipe, Executor, Fúria, Arqueiras, Cavaleiro, Golem, Zap"
Player0365,195,5874,11,"Dragão Bebê, P.E.K.K.A, Mosqueteira, Gigante, Arqueiras, Descarga, Coletor de Elixir, Lápide"
Player0366,465,2144,12,"Cavaleiro, Lápide, Relâmpago, Bola de Fogo, Executor, Zap, Mosqueteira, Coletor de Elixir"
Player0367,165,4488,13,"Bárbaros, Lápide, Executor, Mini P.E.K.K.A, Mago de Gelo, P.E.K.K.A, Descarga, Bruxa"
Player0368,96,3596,10,"P.E.K.K.A, Gigante, Bruxa, Canhão, Tornado, Cabana de Goblins, Fornalha, Executor"
Player0369,51,5558,13,"Torre de Bombas, Dragão Bebê, Tornado, Arqueiras, Descarga, Coletor de Elixir, P.E.K.K.A, Fornalha"
Player0370,402,4111,11,"Torre de Bombas, Dragão Bebê, Cabana de Bárbaros, Fornalha, Mago, Tornado, Arqueiras, Torre Inferno"
Player0371,91,5404,10,"Veneno, Mago, Golem, Bárbaros, Corredor, Fornalha, Mini P.E.K.K.A, Cabana de Goblins"
Player0372,421,2243,9,"Mosqueteira, P.E.K.K.A, Coletor de Elixir, Mago, Lápide, Golem, Torre de Bombas, Bruxa"
Player0373,249,5112,10,"Golem, Fúria, P.E.K.K.A, Descarga, Mago de Gelo, Mago, Tornado, Torre de Bombas"
Player0374,243,2830,9,"P.E.K.K.A, Canhão, Bárbaros, Arqueiras, Mega Servo, Mini P.E.K.K.A, Zap, Bola de Fogo"
Player0375,166,5067,9,"Dragão Bebê, Mago, Canhão, Mini P.E.K.K.A, Tornado, Lápide, Mega Servo, Golem"
Player0376,224,2685,12,"Canhão, Descarga, Cabana de Goblins, P.E.K.K.A, Mago de Gelo, Bola de Fogo, Dragão Bebê, Corredor"
Player0377,452,2938,14,"Mago, P.E.K.K.A, Lápide, Golem, Dragão Bebê, Cavaleiro, Executor, Fornalha"
Player0378,309,3327,13,"Corredor, Mago, Executor, Fúria, Bruxa, Gigante, Canhão, Dragão Bebê"
Player0379,262,2060,10,"Gigante, Arqueiras, Coletor de Elixir, Bola de Fogo, Mini P.E.K.K.A, Mosqueteira, Torre Inferno, Dragão Bebê"
Player0380,226,2647,11,"Mosqueteira, Relâmpago, Cabana de Goblins, Canhão, Príncipe, P.E.K.K.A, Fúria, Descarga"
Player0381,482,3256,9,"Relâmpago, Príncipe, Mago de Gelo, Gigante, Executor, Mago, Torre Inferno, Coletor de Elixir"
Player0382,295,4795,14,"Fúria, Coletor de Elixir, Tornado, Mini P.E.K.K.A, P.E.K.K.A, Corredor, Relâmpago, Golem"
Player0383,261,2790,13,"Coletor de Elixir, Mini P.E.K.K.A, Gigante, P.E.K.K.A, Torre Inferno, Mago, Arqueiras, Fúria"
Player0384,106,2624,12,"Corredor, Veneno, Cabana de Bárbaros, Mega Servo, Coletor de Elixir, Torre Inferno, Cavaleiro, Gigante"
Player0385,410,2739,13,"Descarga, Torre de Bombas, Mosqueteira, Mago, Cabana de Bárbaros, Cavaleiro, Mega Servo, Relâmpago"
Player0386,148,2827,14,"Corredor, P.E.K.K.A, Gigante, Cavaleiro, Mosqueteira, Bola de Fogo, Golem, Dragão Bebê"
Player0387,287,2695,13,"Bola de Fogo, Zap, Coletor de Elixir, Cabana de Bárbaros, Torre Inferno, Torre de Bombas, Golem, Fornalha"
Player0388,165,2478,14,"Mago, Bola de Fogo, Torre de Bombas, Coletor de Elixir, Relâmpago, P.E.K.K.A, Bruxa, Mega Servo"
Player0389,59,2865,13,"Mosqueteira, Gigante, Zap, P.E.K.K.A, Bola de Fogo, Canhão, Veneno, Coletor de Elixir"
Player0390,298,4283,14,"Cabana de Goblins, P.E.K.K.A, Fúria, Zap, Mini P.E.K.K.A, Corredor, Veneno, Dragão Bebê"
Player0391,208,5016,10,"Mago de Gelo, Fornalha, Torre Inferno, Bárbaros, Veneno, Cavaleiro, Lápide, Mosqueteira"
Player0392,285,5545,14,"Mago, Príncipe, Bárbaros, Bola de Fogo, Mini P.E.K.K.A, Bruxa, Golem, Descarga"
Player0393,458,2077,9,"Mago de Gelo, Bruxa, Fornalha, Mega Servo, Descarga, Torre Inferno, Golem, Dragão Bebê"
Player0394,487,5616,12,"Arqueiras, Executor, Descarga, P.E.K.K.A, Veneno, Tornado, Relâmpago, Torre Inferno"
Player0395,164,2183,13,"Torre Inferno, P.E.K.K.A, Mini P.E.K.K.A, Veneno, Príncipe, Torre de Bombas, Mosqueteira, Lápide"
Player0396,420,4526,14,"Fornalha, Torre Inferno, Mago de Gelo, Gigante, Cabana de Bárbaros, Zap, P.E.K.K.A, Executor"
Player0397,427,2990,13,"Veneno, Príncipe, Fúria, Zap, Coletor de Elixir, Bola de Fogo, Lápide, Fornalha"
Player0398,122,2383,9,"Zap, Tornado, Bruxa, Lápide, Fornalha, Mago, Arqueiras, Golem"
Player0399,416,2265,12,"Mosqueteira, Mago de Gelo, Gigante, Cabana de Bárbaros, Canhão, Executor, Arqueiras, Bola de Fogo"
Player0400,347,3532,9,"Lápide, Bárbaros, Tornado, Mago, Arqueiras, Cabana de Bárbaros, Dragão Bebê, Torre Inferno"
Player0401,192,5446,11,"Coletor de Elixir, Cabana de Goblins, Torre de Bombas, Bola de Fogo, Torre Inferno, Gigante, Mago, Zap"
Player0402,53,2488,9,"Lápide, Mega Servo, Mago, Bruxa, Gigante, Fornalha, Arqueiras, Tornado"
Player0403,311,2244,9,"Corredor, Coletor de Elixir, Príncipe, Tornado, Mago de Gelo, Cabana de Goblins, Canhão, Cabana de Bárbaros"
Player0404,130,5224,9,"Arqueiras, Tornado, Descarga, Mago de Gelo, Canhão, Mago, Cavaleiro, Cabana de Bárbaros"
Player0405,402,5205,12,"Torre de Bombas, Bruxa, Príncipe, Bola de Fogo, Corredor, Lápide, Cabana de Goblins, Fornalha"
Player0406,175,5788,13,"Cavaleiro, Mosqueteira, Tornado, Príncipe, Descarga, Golem, Mago, Canhão"
Player0407,153,4475,12,"Torre de Bombas, Executor, Bruxa, Cabana de Goblins, Cavaleiro, Lápide, P.E.K.K.A, Gigante"
Player0408,444,4334,12,"Príncipe, Cabana de Bárbaros, Arqueiras, Gigante, Cabana de Goblins, Tornado, Coletor de Elixir, Canhão"
Player0409,241,2241,9,"Mega Servo, Mago, Tornado, Coletor de Elixir, Gigante, Bola de Fogo, Zap, Mini P.E.K.K.A"
Player0410,143,2629,10,"Mago de Gelo, Bruxa, Torre Inferno, Fornalha, Descarga, Arqueiras, Mega Servo, Mago"
Player0411,423,2443,13,"Descarga, Mago, Corredor, Canhão, Zap, Coletor de Elixir, Relâmpago, Mini P.E.K.K.A"
Player0412,146,4140,13,"Lápide, Cavaleiro, Relâmpago, Tornado, Gigante, Corredor, Golem, P.E.K.K.A"
Player0413,245,5505,14,"Mosqueteira, Fúria, Cabana de Bárbaros, Executor, Lápide, Dragão Bebê, Torre Inferno, Arqueiras"
Player0414,97,5572,9,"Mega Servo, Torre Inferno, Cavaleiro, Bárbaros, Cabana de Goblins, P.E.K.K.A, Zap, Dragão Bebê"
Player0415,97,2243,11,"Mago de Gelo, Fúria, Gigante, Mega Servo, Mago, Executor, Torre Inferno, Golem"
Player0416,472,5349,11,"Bruxa, Cavaleiro, Tornado, Príncipe, Torre Inferno, Arqueiras, Mini P.E.K.K.A, Gigante"
Player0417,239,4319,10,"Executor, Descarga, Torre Inferno, Arqueiras, Fornalha, Mago, P.E.K.K.A, Coletor de Elixir"
Player0418,169,2679,9,"Mini P.E.K.K.A, Torre de Bombas, Canhão, Lápide, Fornalha, Relâmpago, Bárbaros, Bruxa"
Player0419,187,3340,11,"Dragão Bebê, Mago, Tornado, Príncipe, Mega Servo, Cavaleiro, Cabana de Bárbaros, Torre Inferno"
Player0420,264,2656,10,"Canhão, Mini P.E.K.K.A, Relâmpago, Executor, Descarga, Coletor de Elixir, Arqueiras, Torre de Bombas"
Player0421,278,2263,14,"Cavaleiro, Fúria, Zap, Lápide, Torre de Bombas, Mini P.E.K.K.A, Cabana de Goblins, Corredor"
Player0422,300,3996,9,"Mega Servo, Dragão Bebê, Gigante, Executor, Torre Inferno, Mini P.E.K.K.A, Arqueiras, Fúria"
Player0423,310,5090,10,"Mini P.E.K.K.A, Veneno, Torre de Bombas, Golem, Bola de Fogo, Fornalha, Mosqueteira, Coletor de Elixir"
Player0424,222,2886,11,"Torre de Bombas, Golem, Corredor, Cabana de Bárbaros, Bola de Fogo, Zap, Fornalha, Mago de Gelo"
Player0425,197,2770,12,"Gigante, Cabana de Bárbaros, Dragão Bebê, Cavaleiro, Fúria, Mini P.E.K.K.A, Lápide, Príncipe"
Player0426,441,3739,12,"Golem, Bruxa, Arqueiras, Torre de Bombas, Bárbaros, Mega Servo, Lápide, Zap"
Player0427,393,2329,13,"Cabana de Goblins, Lápide, Mago de Gelo, Corredor, Coletor de Elixir, Príncipe, Arqueiras, Zap"
Player0428,375,4335,13,"Torre Inferno, Cavaleiro, Relâmpago, Zap, Bárbaros, Corredor, Descarga, Lápide"
Player0429,277,3395,13,"Fornalha, Coletor de Elixir, Príncipe, Fúria, Arqueiras, Mago, Cabana de Goblins, Veneno"
Player0430,157,5657,11,"Mosqueteira, Mini P.E.K.K.A, Mago, Bola de Fogo, Gigante, Cabana de Bárbaros, Bruxa, P.E.K.K.A"
Player0431,362,3739,9,"Canhão, Golem, Torre de Bombas, Dragão Bebê, Lápide, Gigante, Relâmpago, Torre Inferno"
Player0432,70,3414,9,"Bárbaros, Lápide, Cabana de Bárbaros, Dragão Bebê, Mini P.E.K.K.A, Cavaleiro, Bola de Fogo, Mega Servo"
Player0433,491,4323,11,"Lápide, Fornalha, Príncipe, Torre Inferno, Relâmpago, Coletor de Elixir, Zap, Mini P.E.K.K.A"
Player0434,190,2750,10,"Bola de Fogo, Bárbaros, Arqueiras, Dragão Bebê, Torre Inferno, Bruxa, Corredor, Relâmpago"
Player0435,362,3773,11,"Mago de Gelo, Cabana de Bárbaros, Golem, P.E.K.K.A, Príncipe, Arqueiras, Fornalha, Corredor"
Player0436,96,4390,10,"Cabana de Goblins, Executor, P.E.K.K.A, Bruxa, Mini P.E.K.K.A, Canhão, Mosqueteira, Corredor"
Player0437,89,3176,12,"Arqueiras, Mago, Fúria, Fornalha, Tornado, Mini P.E.K.K.A, Corredor, Veneno"
Player0438,374,5694,12,"Arqueiras, Relâmpago, Dragão Bebê, Cavaleiro, Descarga, Mago, Coletor de Elixir, P.E.K.K.A"
Player0439,430,5124,12,"Cavaleiro, Zap, Príncipe, Cabana de Bárbaros, Arqueiras, Cabana de Goblins, Fúria, P.E.K.K.A"
Player0440,88,3017,14,"Mago, Tornado, Coletor de Elixir, Cabana de Goblins, Mega Servo, Cabana de Bárbaros, Mini P.E.K.K.A, Bruxa"
Player0441,303,5464,9,"Arqueiras, Golem, Gigante, Mini P.E.K.K.A, Bruxa, Fúria, Descarga, Zap"
Player0442,219,5375,14,"Mini P.E.K.K.A, Bárbaros, Executor, Fornalha, P.E.K.K.A, Lápide, Torre de Bombas, Bruxa"
Player0443,247,4519,13,"Mega Servo, Coletor de Elixir, Arqueiras, Relâmpago, Descarga, Corredor, Tornado, Torre de Bombas"
Player0444,301,5820,14,"Fúria, Arqueiras, Descarga, Coletor de Elixir, Cabana de Bárbaros, Canhão, Tornado, Fornalha"
Player0445,487,4792,14,"Arqueiras, Gigante, Fornalha, Mosqueteira, Relâmpago, Executor, Veneno, Mega Servo"
Player0446,327,5910,12,"P.E.K.K.A, Mosqueteira, Tornado, Dragão Bebê, Bárbaros, Relâmpago, Gigante, Fúria"
Player0447,94,5929,11,"Fúria, Dragão Bebê, Mega Servo, Relâmpago, Canhão, Tornado, Descarga, Coletor de Elixir"
Player0448,366,3094,14,"Golem, Príncipe, Mago de Gelo, Cabana de Bárbaros, Coletor de Elixir, Mosqueteira, Bola de Fogo, Fúria"
Player0449,78,2023,12,"Cabana de Bárbaros, Mini P.E.K.K.A, Gigante, Bruxa, P.E.K.K.A, Mosqueteira, Descarga, Tornado"
Player0450,389,3487,13,"P.E.K.K.A, Canhão, Descarga, Mega Servo, Arqueiras, Cabana de Goblins, Cavaleiro, Mago de Gelo"
Player0451,189,5698,14,"Bruxa, Corredor, P.E.K.K.A, Mago de Gelo, Cavaleiro, Coletor de Elixir, Bola de Fogo, Relâmpago"
Player0452,381,3531,11,"Torre Inferno, Descarga, Cabana de Bárbaros, Arqueiras, Bruxa, Tornado, Zap, Relâmpago"
Player0453,484,4247,12,"Lápide, Cabana de Goblins, Fúria, Mosqueteira, Torre de Bombas, Gigante, Arqueiras, Fornalha"
Player0454,229,4039,13,"Executor, Fúria, Tornado, Cavaleiro, Dragão Bebê, Bola de Fogo, Corredor, Zap"
Player0455,276,3924,10,"Dragão Bebê, Zap, Veneno, Canhão, Mini P.E.K.K.A, Torre Inferno, Bola de Fogo, Cavaleiro"
Player0456,85,3148,11,"Arqueiras, Canhão, Mago de Gelo, Fúria, Cabana de Goblins, Coletor de Elixir, Executor, Torre Inferno"
Player0457,67,4448,13,"Bola de Fogo, Mega Servo, Descarga, Cavaleiro, Golem, Tornado, Cabana de Bárbaros, Fornalha"
Player0458,125,2786,9,"Bárbaros, Mosqueteira, Veneno, Cabana de Bárbaros, Torre Inferno, Príncipe, Golem, Torre de Bombas"
Player0459,245,2100,9,"Relâmpago, Canhão, Veneno, Executor, Bola de Fogo, Torre Inferno, Corredor, Dragão Bebê"
Player0460,393,3388,9,"Bruxa, Dragão Bebê, Príncipe, Corredor, Cavaleiro, Bola de Fogo, Mini P.E.K.K.A, Torre de Bombas"
Player0461,334,4517,10,"Mega Servo, Canhão, Executor, Dragão Bebê, Mini P.E.K.K.A, Torre Inferno, Cabana de Goblins, Mago de Gelo"
Player0462,140,2241,12,"Bola de Fogo, Veneno, P.E.K.K.A, Gigante, Zap, Cavaleiro, Corredor, Executor"
Player0463,60,5768,11,"Bárbaros, Dragão Bebê, Bola de Fogo, Cabana de Bárbaros, Veneno, Bruxa, Príncipe, Lápide"
Player0464,108,3032,11,"Bruxa, Coletor de Elixir, Dragão Bebê, Gigante, Descarga, Cavaleiro, Executor, Mini P.E.K.K.A"
Player0465,107,2460,10,"Tornado, Bola de Fogo, Fúria, Relâmpago, Arqueiras, Veneno, Torre Inferno, Torre de Bombas"
Player0466,118,2599,13,"Dragão Bebê, Cabana de Bárbaros, Torre de Bombas, Corredor, Golem, Veneno, Príncipe, Executor"
Player0467,193,3873,13,"Bola de Fogo, Cavaleiro, Gigante, Mosqueteira, Tornado, Veneno, Lápide, Executor"
Player0468,454,2367,12,"Lápide, Mega Servo, Cabana de Bárbaros, Torre de Bombas, Bárbaros, Mago de Gelo, Mago, Gigante"
Player0469,183,2683,12,"Descarga, Fornalha, Mega Servo, Fúria, Gigante, Mini P.E.K.K.A, Cabana de Bárbaros, Torre Inferno"
Player0470,253,2372,13,"Torre de Bombas, Zap, Dragão Bebê, Mago, Mega Servo, Cavaleiro, Canhão, Executor"
Player0471,257,4972,12,"Dragão Bebê, Fúria, Executor, Cavaleiro, Tornado, Príncipe, Cabana de Bárbaros, Torre de Bombas"
Player0472,451,2234,10,"Bárbaros, Mosqueteira, Tornado, Fornalha, Descarga, Executor, P.E.K.K.A, Mega Servo"
Player0473,405,4165,10,"Mosqueteira, Mini P.E.K.K.A, Torre de Bombas, Mago, Relâmpago, Tornado, Descarga, Torre Inferno"
Player0474,284,4927,11,"Corredor, Bruxa, P.E.K.K.A, Lápide, Dragão Bebê, Veneno, Mago de Gelo, Torre Inferno"
Player0475,349,5219,11,"Lápide, Golem, Mega Servo, Cabana de Bárbaros, Bola de Fogo, Fornalha, Coletor de Elixir, Corredor"
Player0476,421,4400,10,"Executor, Bruxa, Mega Servo, Torre de Bombas, Fornalha, P.E.K.K.A, Mosqueteira, Bola de Fogo"
Player0477,140,2645,11,"Veneno, Arqueiras, P.E.K.K.A, Relâmpago, Torre Inferno, Príncipe, Bola de Fogo, Fúria"
Player0478,134,4269,10,"P.E.K.K.A, Coletor de Elixir, Relâmpago, Torre Inferno, Golem, Descarga, Dragão Bebê, Zap"
Player0479,184,4894,12,"Torre Inferno, Dragão Bebê, Golem, Fornalha, Zap, Mosqueteira, Torre de Bombas, Arqueiras"
Player0480,93,5391,13,"Bárbaros, Cabana de Goblins, Mago, Gigante, Canhão, Lápide, Tornado, Fornalha"
Player0481,427,3308,13,"Torre de Bombas, P.E.K.K.A, Descarga, Golem, Mini P.E.K.K.A, Veneno, Zap, Mago"
Player0482,136,2871,14,"Executor, Descarga, Mago de Gelo, Torre Inferno, Golem, P.E.K.K.A, Cabana de Goblins, Príncipe"
Player0483,104,2238,14,"Tornado, Dragão Bebê, Fornalha, Cabana de Bárbaros, Torre de Bombas, Executor, Lápide, Torre Inferno"
Player0484,273,2844,12,"Bola de Fogo, Bruxa, Canhão, Príncipe, Mago, Corredor, Bárbaros, Cabana de Bárbaros"
Player0485,479,5976,12,"Lápide, Executor, Mago de Gelo, P.E.K.K.A, Mega Servo, Bruxa, Tornado, Bárbaros"
Player0486,214,4724,12,"Bruxa, Mini P.E.K.K.A, Golem, Mega Servo, Mago de Gelo, Torre de Bombas, Fúria, Arqueiras"
Player0487,324,5297,10,"Mago, Descarga, Bruxa, Coletor de Elixir, Fúria, Bárbaros, Mini P.E.K.K.A, Bola de Fogo"
Player0488,252,4421,13,"Canhão, P.E.K.K.A, Mago de Gelo, Relâmpago, Zap, Cabana de Bárbaros, Mega Servo, Torre de Bombas"
Player0489,360,5083,14,"Dragão Bebê, Descarga, Tornado, Mago, Torre de Bombas, Veneno, Fornalha, Lápide"
Player0490,247,4384,9,"Bárbaros, Relâmpago, Cabana de Goblins, Mini P.E.K.K.A, P.E.K.K.A, Descarga, Zap, Torre de Bombas"
Player0491,409,3434,14,"Torre de Bombas, Descarga, Mosqueteira, Arqueiras, Zap, Mega Servo, Mago, Bruxa"
Player0492,83,3921,12,"Canhão, Tornado, Zap, Fornalha, Bruxa, Relâmpago, P.E.K.K.A, Veneno"
Player0493,407,3876,11,"Corredor, Mosqueteira, P.E.K.K.A, Dragão Bebê, Mago, Zap, Arqueiras, Descarga"
Player0494,284,5810,9,"Dragão Bebê, Bola de Fogo, Mega Servo, Bruxa, Mago, Gigante, Cavaleiro, Relâmpago"
Player0495,63,4205,13,"Bárbaros, Canhão, Gigante, Bruxa, Torre Inferno, Zap, Veneno, Fúria"
Player0496,203,2805,14,"Arqueiras, Bruxa, Corredor, Torre Inferno, Lápide, Tornado, P.E.K.K.A, Golem"
Player0497,442,4569,11,"Bárbaros, Cabana de Goblins, Mago, Mini P.E.K.K.A, Bruxa, Arqueiras, Mago de Gelo, Relâmpago"
Player0498,74,3438,10,"Dragão Bebê, Bárbaros, Príncipe, Mago de Gelo, Cavaleiro, Zap, Cabana de Bárbaros, Descarga"
Player0499,411,2021,12,"Bruxa, Torre Inferno, Torre de Bombas, Cabana de Goblins, Mosqueteira, Lápide, Tornado, Canhão"
Player0500,116,4456,14,"Fúria, Fornalha, Canhão, Mosqueteira, Bola de Fogo, Torre de Bombas, Cabana de Goblins, Descarga"

